{
  "keys": {
    "6504-E851-0360-0951": {
      "created_at": 1776281693.9564745,
      "used": true,
      "used_at": 1776281695.6368575
    },
    "CE69-AC98-E148-3938": {
      "created_at": 1776282009.234727,
      "used": true,
      "used_at": 1776282010.404434
    },
    "2FA5-9ADF-6AD1-E213": {
      "created_at": 1776282061.6342287,
      "used": true,
      "used_at": 1776282063.7243085
    },
    "0DDC-E047-5E60-FBB4": {
      "created_at": 1776282658.1110487,
      "used": true,
      "used_at": 1776282659.3370187
    },
    "1DE9-8196-83BB-2A2A": {
      "created_at": 1776283238.5064452,
      "used": true,
      "used_at": 1776283239.6879385
    },
    "1545-839F-1C5F-AA51": {
      "created_at": 1776283326.6784923,
      "used": true,
      "used_at": 1776283351.039461
    },
    "2161-A5F9-4E9D-056D": {
      "created_at": 1776322082.2853513,
      "used": true,
      "used_at": 1776322083.0364168
    },
    "B2C1-EDFB-DC09-5298": {
      "created_at": 1776358225.473994,
      "used": false,
      "used_at": null
    },
    "9717-74D6-1129-3DEA": {
      "created_at": 1776358226.2781777,
      "used": true,
      "used_at": 1776358227.065518
    },
    "3D34-F8DE-C5CB-BD93": {
      "created_at": 1776359310.540393,
      "used": true,
      "used_at": 1776359310.8424194
    },
    "3128-70AE-3CBB-E7F6": {
      "created_at": 1776361032.7042894,
      "used": true,
      "used_at": 1776361033.3985178
    },
    "99F6-0B02-89AE-F01E": {
      "created_at": 1776361712.0893598,
      "used": true,
      "used_at": 1776361712.8743048
    },
    "91B9-0C9C-B480-B72B": {
      "created_at": 1776362202.3204918,
      "used": false,
      "used_at": null
    },
    "4C34-79FA-DB78-ED4F": {
      "created_at": 1776362202.7977226,
      "used": true,
      "used_at": 1776362203.4232602
    },
    "73D1-2CA6-8B2B-6716": {
      "created_at": 1776455914.0930846,
      "used": true,
      "used_at": 1776455914.7876985
    },
    "3BEF-09C7-DAF6-24A2": {
      "created_at": 1776472569.658538,
      "used": true,
      "used_at": 1776472570.702349
    },
    "42D4-A9BF-C632-8B5B": {
      "created_at": 1776474307.7762437,
      "used": true,
      "used_at": 1776474308.3504176
    },
    "F4D3-02E3-BD80-AF4B": {
      "created_at": 1776474516.2742743,
      "used": true,
      "used_at": 1776474518.6522825
    },
    "859B-5C00-A38F-5B67": {
      "created_at": 1776474616.1694634,
      "used": true,
      "used_at": 1776474617.2909508
    }
  }
}